fiscal_year,entity_name,total_governmental_expenditures,public_protection_expenditures,public_protection_pct,probation_expenditures
2003,Alameda,1836243665,452633686,24.65,45193356
2003,Alpine,10476964,3363322,32.1,183073
2003,Amador,36600189,16791960,45.88,1562462
2003,Butte,274644888,74539194,27.14,6713875
2003,Calaveras,44359962,14357025,32.36,446254
2003,Colusa,33144132,10717124,32.33,887666
2003,Contra Costa,1090536559,304659477,27.94,24815240
2003,Del Norte,43246406,13823085,31.96,858917
2003,El Dorado,192952263,68959249,35.74,4366937
2003,Fresno,1007756661,244511615,24.26,22240826
2003,Glenn,57946030,14932622,25.77,1887380
2003,Humboldt,182353271,47236796,25.9,4825022
2003,Imperial,188927248,50633135,26.8,3418892
2003,Inyo,45160731,16932088,37.49,1057259
2003,Kern,904572088,307062202,33.95,18992566
2003,Kings,135795955,40976344,30.17,6244910
2003,Lake,88334116,26671700,30.19,1653022
2003,Lassen,44920047,13159881,29.3,739656
2003,Los Angeles,11090011999,3111616181,28.06,252047493
2003,Madera,126704273,37704862,29.76,3216715
2003,Marin,313153922,102575997,32.76,7521384
2003,Mariposa,38055150,12624773,33.17,824167
2003,Mendocino,146884395,37411658,25.47,3323130
2003,Merced,307150239,69799406,22.72,5208721
2003,Modoc,23332697,5105974,21.88,321526
2003,Mono,28860355,9240165,32.02,345501
2003,Monterey,509287296,141117395,27.71,11704678
2003,Napa,159549217,59014179,36.99,5886057
2003,Nevada,98042107,38061682,38.82,3063347
2003,Orange,2438863586,828464955,33.97,82527567
2003,Placer,297012595,103728468,34.92,7159961
2003,Plumas,45998076,12373451,26.9,985779
2003,Riverside,1682621455,612932719,36.43,26840601
2003,Sacramento,1931730819,535755931,27.73,28348870
2003,San Benito,53140352,15944923,30.01,1282428
2003,San Bernardino,1844224287,502110615,27.23,37740795
2003,San Diego,2674870648,794636456,29.71,80236018
2003,San Francisco,5516088939,800789472,14.52,9560879
2003,San Joaquin,660280211,183975837,27.86,14037887
2003,San Luis Obispo,295599572,87074632,29.46,3177215
2003,San Mateo,648225288,216931210,33.47,3239566
2003,Santa Barbara,531994040,195564857,36.76,19452416
2003,Santa Clara,2102820920,567430509,26.98,63139186
2003,Santa Cruz,309352967,90867337,29.37,8799980
2003,Shasta,213911123,60121762,28.11,4783041
2003,Sierra,14962549,3625133,24.23,241077
2003,Siskiyou,76141870,24158988,31.73,1319922
2003,Solano,453841768,144112960,31.75,19060177
2003,Sonoma,540663500,188969191,34.95,9248514
2003,Stanislaus,539105103,132598109,24.6,7628414
2003,Sutter,93790233,21936434,23.39,2475365
2003,Tehama,82320090,21551488,26.18,2578714
2003,Trinity,35730018,9948029,27.84,929415
2003,Tulare,475797765,113351454,23.82,7379517
2003,Tuolumne,74547003,23697255,31.79,2434806
2003,Ventura,731415858,293460170,40.12,14120159
2003,Yolo,173554783,50300402,28.98,3757099
2003,Yuba,96031420,29035032,30.23,3477192
2004,Alameda,1649739744,473388669,28.69,46046102
2004,Alpine,11766291,3556888,30.23,237514
2004,Amador,45069377,19349673,42.93,1650989
2004,Butte,281850805,77563949,27.52,6509853
2004,Calaveras,49760878,15680895,31.51,474821
2004,Colusa,31608372,10907906,34.51,905519
2004,Contra Costa,1118333550,313984754,28.08,22353355
2004,Del Norte,43285454,13580744,31.37,879969
2004,El Dorado,200747683,71982551,35.86,4487660
2004,Fresno,999758920,263481300,26.35,21601051
2004,Glenn,52498538,15001458,28.58,1496077
2004,Humboldt,186568153,46164848,24.74,4566570
2004,Imperial,194019419,50500744,26.03,3230296
2004,Inyo,48971193,19335912,39.48,951770
2004,Kern,907888395,309904863,34.13,19358335
2004,Kings,137172266,43525405,31.73,6282883
2004,Lake,88861296,27234921,30.65,1501866
2004,Lassen,49720658,15297496,30.77,935495
2004,Los Angeles,11296198268,3270351129,28.95,250097326
2004,Madera,128242327,40867236,31.87,3050464
2004,Marin,323643137,107062497,33.08,7975755
2004,Mariposa,37741893,12209022,32.35,883685
2004,Mendocino,161182413,37781789,23.44,3333254
2004,Merced,281120610,73609319,26.18,5168134
2004,Modoc,21365894,5275483,24.69,312503
2004,Mono,29506582,9151816,31.02,284940
2004,Monterey,473317773,142684809,30.15,11196389
2004,Napa,174506029,60561511,34.7,5561029
2004,Nevada,100550651,40428412,40.21,3025754
2004,Orange,2516292393,864000653,34.34,79257542
2004,Placer,304726783,108922672,35.74,11882044
2004,Plumas,46575325,12530197,26.9,1059768
2004,Riverside,1765134782,665000720,37.67,28049487
2004,Sacramento,2065167306,550401473,26.65,26458242
2004,San Benito,52757126,16278933,30.86,1334991
2004,San Bernardino,1901749513,524418493,27.58,38638938
2004,San Diego,2779719311,875454363,31.49,91049088
2004,San Francisco,5676261015,773332401,13.62,9245143
2004,San Joaquin,646882215,193863203,29.97,14359225
2004,San Luis Obispo,328975787,92347084,28.07,2934437
2004,San Mateo,713517804,235182135,32.96,3139464
2004,Santa Barbara,560645386,209605180,37.39,18912490
2004,Santa Clara,2009689989,541008874,26.92,16658216
2004,Santa Cruz,319510764,94299237,29.51,7717735
2004,Shasta,226912446,60395986,26.62,4681877
2004,Sierra,12777755,3424476,26.8,248340
2004,Siskiyou,78466098,27348610,34.85,1406867
2004,Solano,533503033,153645819,28.8,17582581
2004,Sonoma,572401071,200155729,34.97,9313727
2004,Stanislaus,539975507,136342112,25.25,7878798
2004,Sutter,100627124,23965700,23.82,2741086
2004,Tehama,79517986,22285100,28.03,2459806
2004,Trinity,37389014,10663318,28.52,919507
2004,Tulare,489111851,138109657,28.24,10252092
2004,Tuolumne,78653992,25302605,32.17,2243099
2004,Ventura,749219504,317909980,42.43,12509653
2004,Yolo,168811848,52003640,30.81,3937372
2004,Yuba,106213394,32525113,30.62,3995254
2005,Alameda,1693220824,478118230,28.24,45387951
2005,Alpine,11960809,3803358,31.8,200126
2005,Amador,49943958,20971445,41.99,1786047
2005,Butte,292395682,82450418,28.2,7609089
2005,Calaveras,54147175,16344335,30.19,1137226
2005,Colusa,31855558,11473793,36.02,1045528
2005,Contra Costa,1136776004,325122733,28.6,23235499
2005,Del Norte,47562731,13901471,29.23,916826
2005,El Dorado,218246644,82121823,37.63,4767208
2005,Fresno,1035184807,262316882,25.34,21242504
2005,Glenn,55049039,15315428,27.82,1141590
2005,Humboldt,181213384,46203110,25.5,4855027
2005,Imperial,203289711,53911125,26.52,3167171
2005,Inyo,45032310,18382295,40.82,1057405
2005,Kern,965863559,329386642,34.1,20634015
2005,Kings,158454006,47372475,29.9,6920719
2005,Lake,91397279,29031462,31.76,1714925
2005,Lassen,50224041,16795656,33.44,1063113
2005,Los Angeles,11417657981,3426001446,30.01,255010575
2005,Madera,135653661,42395499,31.25,3005463
2005,Marin,329760867,105767555,32.07,8114393
2005,Mariposa,40837388,13022785,31.89,902721
2005,Mendocino,151745950,38446518,25.34,3036524
2005,Merced,285437844,78950428,27.66,5329096
2005,Modoc,24200823,5551464,22.94,335802
2005,Mono,37610031,11364630,30.22,363281
2005,Monterey,492408665,150813334,30.63,12265764
2005,Napa,183779813,68596208,37.33,5682678
2005,Nevada,100441789,42361200,42.17,3018683
2005,Orange,2581563019,881989620,34.16,75155537
2005,Placer,351285048,118388749,33.7,12748564
2005,Plumas,52813800,14141390,26.78,1103656
2005,Riverside,1948068103,745973892,38.29,29529553
2005,Sacramento,1910429907,552747690,28.93,26974052
2005,San Benito,56747296,18526174,32.65,1450747
2005,San Bernardino,1947825756,546708961,28.07,41479179
2005,San Diego,2953236530,926777239,31.38,98702830
2005,San Francisco,5200884427,806296121,15.5,9564853
2005,San Joaquin,670993048,205267617,30.59,14128497
2005,San Luis Obispo,345122204,97070028,28.13,3140572
2005,San Mateo,719411772,246661467,34.29,3830426
2005,Santa Barbara,583763900,218847197,37.49,19390062
2005,Santa Clara,1867619120,563039960,30.15,17255796
2005,Santa Cruz,329085490,97250095,29.55,8902297
2005,Shasta,230754443,66509462,28.82,4377715
2005,Sierra,12904531,3434828,26.62,329748
2005,Siskiyou,83780228,27181028,32.44,1423209
2005,Solano,509104346,153454171,30.14,17675540
2005,Sonoma,626267378,213644149,34.11,12009714
2005,Stanislaus,575678456,150314221,26.11,9125888
2005,Sutter,106234425,26162776,24.63,2974476
2005,Tehama,84181193,23910308,28.4,2312966
2005,Trinity,36768498,12279508,33.4,1002047
2005,Tulare,514340548,148087248,28.79,10530270
2005,Tuolumne,81813063,26608963,32.52,2347281
2005,Ventura,761510708,332592455,43.68,13469517
2005,Yolo,194501927,63494705,32.64,4112326
2005,Yuba,100438015,33888766,33.74,4085220
2006,Alameda,1789076569,504387652,28.19,46042673
2006,Alpine,12864637,3674518,28.56,225984
2006,Amador,63757867,22652560,35.53,1969600
2006,Butte,307352932,87545503,28.48,7869668
2006,Calaveras,63803561,18205200,28.53,1320369
2006,Colusa,35742575,12560498,35.14,1195710
2006,Contra Costa,1200893970,345123510,28.74,27038243
2006,Del Norte,51871855,14361046,27.69,957164
2006,El Dorado,249618512,95554807,38.28,5432007
2006,Fresno,1098013588,274530171,25.0,22584982
2006,Glenn,60929722,16376412,26.88,1081270
2006,Humboldt,200841095,51605088,25.69,5334057
2006,Imperial,216361644,60299905,27.87,3436892
2006,Inyo,47478787,18851293,39.7,1151896
2006,Kern,1019331031,357294744,35.05,22424605
2006,Kings,172021048,51513437,29.95,7405878
2006,Lake,96555172,30792280,31.89,1706163
2006,Lassen,50720058,16410021,32.35,1060182
2006,Los Angeles,11696722235,3657503701,31.27,274460446
2006,Madera,163375839,43370167,26.55,3273584
2006,Marin,367428363,118250327,32.18,8911513
2006,Mariposa,41491628,13671732,32.95,827530
2006,Mendocino,160605237,40222529,25.04,2983036
2006,Merced,316544081,85695768,27.07,5796709
2006,Modoc,25167847,5984526,23.78,438539
2006,Mono,38473212,12066368,31.36,400831
2006,Monterey,521305510,168541411,32.33,12896034
2006,Napa,184439533,76531051,41.49,6112196
2006,Nevada,114537394,45035094,39.32,3282540
2006,Orange,3054961453,927668263,30.37,79884546
2006,Placer,404688064,137499039,33.98,12298912
2006,Plumas,55180435,16084334,29.15,1384956
2006,Riverside,2197694157,805248982,36.64,30232446
2006,Sacramento,2113600402,628569334,29.74,31446584
2006,San Benito,57970026,20054896,34.6,1534270
2006,San Bernardino,2033735607,626040634,30.78,48484142
2006,San Diego,2980699452,917198175,30.77,95282941
2006,San Francisco,5889196564,875826723,14.87,10873591
2006,San Joaquin,722598997,216846543,30.01,14826988
2006,San Luis Obispo,367201092,110114310,29.99,3533795
2006,San Mateo,751072843,258547722,34.42,3963401
2006,Santa Barbara,604702325,230679743,38.15,20490889
2006,Santa Clara,2101028554,610542697,29.06,16814195
2006,Santa Cruz,355016092,103802735,29.24,10279938
2006,Shasta,241391041,68131788,28.22,4524771
2006,Sierra,15477693,4564116,29.49,352151
2006,Siskiyou,84194848,27979154,33.23,1535364
2006,Solano,555484022,164386528,29.59,18588563
2006,Sonoma,655924903,229288200,34.96,13226738
2006,Stanislaus,598404940,160171385,26.77,10037652
2006,Sutter,112370217,26562284,23.64,2947855
2006,Tehama,87157812,25376377,29.12,2280441
2006,Trinity,41008715,11656964,28.43,1157155
2006,Tulare,541821940,155637321,28.72,9409594
2006,Tuolumne,88110644,29664418,33.67,3025824
2006,Ventura,811002513,359578032,44.34,15294192
2006,Yolo,216340223,61473584,28.42,4525042
2006,Yuba,115297467,38202845,33.13,4351743
2007,Alameda,1840512393,559545578,30.4,49180730
2007,Alpine,15807990,4460033,28.21,210951
2007,Amador,67567224,24896687,36.85,1996061
2007,Butte,329161170,94723316,28.78,9752625
2007,Calaveras,65033218,20535656,31.58,1517401
2007,Colusa,39595258,13524015,34.16,1515595
2007,Contra Costa,1310288576,378496945,28.89,31608354
2007,Del Norte,53415861,15834602,29.64,1150955
2007,El Dorado,273191327,102500714,37.52,6672879
2007,Fresno,1143991031,313203908,27.38,23242772
2007,Glenn,61901393,18092024,29.23,1106777
2007,Humboldt,211538572,55449071,26.21,5561908
2007,Imperial,229615051,67604880,29.44,4668089
2007,Inyo,52554321,20887631,39.74,1274631
2007,Kern,1065031239,395125121,37.1,23603276
2007,Kings,169144073,58948678,34.85,7895318
2007,Lake,108704855,33698849,31.0,2048205
2007,Lassen,56717348,18059275,31.84,1071162
2007,Los Angeles,12356375298,4045859470,32.74,301472948
2007,Madera,184825916,53184575,28.78,4773005
2007,Marin,389448430,119181368,30.6,10655901
2007,Mariposa,43908275,15643918,35.63,988874
2007,Mendocino,171279117,42296928,24.69,3040049
2007,Merced,346829247,94603393,27.28,6658565
2007,Modoc,25584449,6024738,23.55,483602
2007,Mono,40225091,12088773,30.05,370518
2007,Monterey,579058997,164596453,28.42,13510852
2007,Napa,201686404,83109979,41.21,6640388
2007,Nevada,115421710,47787730,41.4,3356761
2007,Orange,3070017986,1017978597,33.16,93431958
2007,Placer,433792266,151060122,34.82,12058324
2007,Plumas,56454476,15716344,27.84,1261547
2007,Riverside,2441031651,926776477,37.97,40325228
2007,Sacramento,2308628438,684522931,29.65,38317228
2007,San Benito,65490860,21382064,32.65,1816496
2007,San Bernardino,2140180658,689589696,32.22,46407335
2007,San Diego,3202058532,1002413250,31.31,96466811
2007,San Francisco,6340270159,962805820,15.19,10907274
2007,San Joaquin,791148909,238099750,30.1,16758024
2007,San Luis Obispo,381503018,115109932,30.17,4645028
2007,San Mateo,827651517,288808542,34.89,5223563
2007,Santa Barbara,643662675,247092716,38.39,21974014
2007,Santa Clara,2242414100,656108312,29.26,17560316
2007,Santa Cruz,378588604,105088767,27.76,11360404
2007,Shasta,252043169,75137082,29.81,4874547
2007,Sierra,17107930,5223538,30.53,390641
2007,Siskiyou,84578909,27670923,32.72,1637893
2007,Solano,532099874,173794812,32.66,20272832
2007,Sonoma,689262375,241337852,35.01,14186184
2007,Stanislaus,633652108,174944287,27.61,10629201
2007,Sutter,118564246,28456914,24.0,3077279
2007,Tehama,95574753,27352885,28.62,2398833
2007,Trinity,40076543,11375697,28.38,1237677
2007,Tulare,589454537,169114909,28.69,10241031
2007,Tuolumne,96128869,31410399,32.68,2632035
2007,Ventura,875627702,387316682,44.23,13901294
2007,Yolo,245891935,66251388,26.94,5973531
2007,Yuba,123571543,42100501,34.07,4717655
2008,Alameda,1944733831,601594372,30.93,54884285
2008,Alpine,16232167,5224676,32.19,238226
2008,Amador,64207945,27245237,42.43,2170307
2008,Butte,330536361,95326075,28.84,10063796
2008,Calaveras,73930562,23096595,31.24,1617818
2008,Colusa,46880195,14992034,31.98,1500774
2008,Contra Costa,1339985217,379029663,28.29,32276284
2008,Del Norte,56265599,16673767,29.63,1358494
2008,El Dorado,299356467,107106439,35.78,7534487
2008,Fresno,1256974584,347260408,27.63,25992205
2008,Glenn,66249879,20378305,30.76,1275191
2008,Humboldt,222765677,55791128,25.04,5693875
2008,Imperial,243990830,73048747,29.94,5051008
2008,Inyo,56803978,23651610,41.64,1271541
2008,Kern,1202186350,466003937,38.76,29647706
2008,Kings,177741648,60188006,33.86,8076447
2008,Lake,115247631,35610778,30.9,2187310
2008,Lassen,59944298,18707930,31.21,972949
2008,Los Angeles,13390566398,4417449562,32.99,333286041
2008,Madera,177777058,55640401,31.3,4399871
2008,Marin,441484371,128389062,29.08,12406784
2008,Mariposa,48093358,17841947,37.1,1139290
2008,Mendocino,182476804,45958408,25.19,3666941
2008,Merced,368231435,104592224,28.4,7262383
2008,Modoc,26703774,6818260,25.53,505837
2008,Mono,46344283,15553472,33.56,842168
2008,Monterey,593313119,176927148,29.82,15068112
2008,Napa,223866224,86471158,38.63,7048839
2008,Nevada,129268978,52034711,40.25,3403818
2008,Orange,3491037747,1119385527,32.06,96642451
2008,Placer,478016059,167141802,34.97,13214210
2008,Plumas,56876945,16705557,29.37,1197775
2008,Riverside,2702661542,1059121385,39.19,51104257
2008,Sacramento,2484904606,771303396,31.04,46052545
2008,San Benito,77049641,23300468,30.24,1908660
2008,San Bernardino,2260942895,741378467,32.79,61434776
2008,San Diego,3524634707,1068621679,30.32,105552447
2008,San Francisco,6562941444,1037122119,15.8,11448773
2008,San Joaquin,855069902,261727526,30.61,19830842
2008,San Luis Obispo,390424830,120080134,30.76,12417700
2008,San Mateo,863662606,299152776,34.64,3648363
2008,Santa Barbara,698625371,269588829,38.59,23441853
2008,Santa Clara,2225752900,665054110,29.88,15356859
2008,Santa Cruz,402408708,114490619,28.45,12326199
2008,Shasta,260091232,78521610,30.19,5198419
2008,Sierra,19924484,4580737,22.99,429178
2008,Siskiyou,94294856,30878889,32.75,1766059
2008,Solano,564683768,181615478,32.16,20736732
2008,Sonoma,768079464,252070038,32.82,16348125
2008,Stanislaus,673708455,188509392,27.98,10750764
2008,Sutter,134762782,32165277,23.87,3583218
2008,Tehama,103277064,27892769,27.01,2479954
2008,Trinity,47768306,13440640,28.14,1146437
2008,Tulare,622040008,188070036,30.23,11731895
2008,Tuolumne,95440422,32997428,34.57,2905353
2008,Ventura,898601550,406653840,45.25,15619639
2008,Yolo,265748762,76435378,28.76,7978322
2008,Yuba,144678709,45674735,31.57,5221848
2009,Alameda,2031238550,602910730,29.68,58871859
2009,Alpine,15902466,4693548,29.51,335094
2009,Amador,60193225,26840641,44.59,1908418
2009,Butte,345640546,95977620,27.77,10275804
2009,Calaveras,72037068,22107142,30.69,1915020
2009,Colusa,43315639,16317729,37.67,1636174
2009,Contra Costa,1314916076,376586114,28.64,29934573
2009,Del Norte,59201814,17284195,29.2,1443391
2009,El Dorado,284418073,105898620,37.23,7192149
2009,Fresno,1256412733,346196142,27.55,25541423
2009,Glenn,67426804,19351162,28.7,1201152
2009,Humboldt,239366315,65081840,27.19,5908343
2009,Imperial,250938240,72110231,28.74,5447429
2009,Inyo,57181806,23308510,40.76,1362799
2009,Kern,1225531352,464711841,37.92,30427051
2009,Kings,186145923,63645788,34.19,7711043
2009,Lake,119192427,34982912,29.35,2171901
2009,Lassen,62408611,18420731,29.52,1200908
2009,Los Angeles,13947920013,4590213722,32.91,366758274
2009,Madera,179255309,57937839,32.32,4638695
2009,Marin,429371906,126796705,29.53,11740179
2009,Mariposa,51341691,19119895,37.24,1274401
2009,Mendocino,188207084,46455604,24.68,3951472
2009,Merced,386690584,113935209,29.46,9605639
2009,Modoc,28314968,7277452,25.7,462612
2009,Mono,52967013,16899447,31.91,1017279
2009,Monterey,663045747,183397032,27.66,14846812
2009,Napa,227462049,94511838,41.55,8210155
2009,Nevada,137496353,53116585,38.63,3751629
2009,Orange,3149978320,1124783410,35.71,90168328
2009,Placer,537147180,169698307,31.59,14875990
2009,Plumas,52553460,15448948,29.4,1156844
2009,Riverside,2796825809,1130507154,40.42,85416399
2009,Sacramento,2527825860,760427464,30.08,42043994
2009,San Benito,73108352,24939104,34.11,2169269
2009,San Bernardino,2303799891,742571978,32.23,61078962
2009,San Diego,3593171137,1083848993,30.16,103793693
2009,San Francisco,6863366712,1029980249,15.01,12100982
2009,San Joaquin,859887958,273305952,31.78,21086288
2009,San Luis Obispo,392019596,122510710,31.25,10410131
2009,San Mateo,890777037,309161332,34.71,4194158
2009,Santa Barbara,676862966,271709423,40.14,23391579
2009,Santa Clara,2186396929,689165723,31.52,18957097
2009,Santa Cruz,391884581,116861554,29.82,11956358
2009,Shasta,264333777,78211494,29.59,5262417
2009,Sierra,16697362,3945756,23.63,392349
2009,Siskiyou,103820912,29949223,28.85,1849149
2009,Solano,622083010,190754880,30.66,23678749
2009,Sonoma,730125430,255213271,34.95,16737105
2009,Stanislaus,673153935,186375500,27.69,10552267
2009,Sutter,143227006,33108098,23.12,4241604
2009,Tehama,99894116,28397318,28.43,2493527
2009,Trinity,41433725,10273209,24.79,894271
2009,Tulare,651407421,190768062,29.29,12746487
2009,Tuolumne,97987038,33631757,34.32,2384028
2009,Ventura,898740529,417366616,46.44,15599049
2009,Yolo,257328806,77519847,30.12,7667018
2009,Yuba,127461329,45083494,35.37,5648954
2010,Alameda,2083268145,597911182,28.7,52509384
2010,Alpine,14559262,4705145,32.32,310698
2010,Amador,58841527,26684019,45.35,1934683
2010,Butte,341202072,92180277,27.02,9825068
2010,Calaveras,66585284,20469381,30.74,1851388
2010,Colusa,44894735,16102359,35.87,1645225
2010,Contra Costa,1243406695,365450158,29.39,30225319
2010,Del Norte,54637202,16985371,31.09,1355436
2010,El Dorado,267573862,95997008,35.88,6759743
2010,Fresno,1184283111,335109060,28.3,25012869
2010,Glenn,64118066,18648417,29.08,1144741
2010,Humboldt,230733888,62743347,27.19,5936000
2010,Imperial,257530061,76161286,29.57,5311624
2010,Inyo,55504625,22434339,40.42,1068119
2010,Kern,1221862570,443436497,36.29,28401313
2010,Kings,184865685,61796764,33.43,7905140
2010,Lake,116711571,33876789,29.03,2191065
2010,Lassen,57098505,18509945,32.42,1416460
2010,Los Angeles,13994578119,4563267443,32.61,348524312
2010,Madera,177923663,55300575,31.08,4470031
2010,Marin,408802238,127719922,31.24,11274813
2010,Mariposa,54436656,19597168,36.0,1381361
2010,Mendocino,190887121,46692704,24.46,3704790
2010,Merced,381004497,109831710,28.83,9509834
2010,Modoc,26588151,6613813,24.88,463403
2010,Mono,54899929,23141522,42.15,1311465
2010,Monterey,620175994,187096505,30.17,16876478
2010,Napa,222936668,93030015,41.73,8509144
2010,Nevada,136024226,54203540,39.85,3839247
2010,Orange,2831835154,1051533478,37.13,85280730
2010,Placer,507995721,161368144,31.77,14359268
2010,Plumas,51018479,15449163,30.28,1231126
2010,Riverside,2791031223,1030453557,36.92,42573905
2010,Sacramento,2181703524,633414615,29.03,33365624
2010,San Benito,77546557,24154443,31.15,1899398
2010,San Bernardino,2341330188,732107333,31.27,54596491
2010,San Diego,3480891268,1013489263,29.12,89858544
2010,San Francisco,7150360709,1049619836,14.68,11488654
2010,San Joaquin,827237389,276446207,33.42,16239447
2010,San Luis Obispo,417813607,119908177,28.7,9831677
2010,San Mateo,889585570,313562279,35.25,1902697
2010,Santa Barbara,687821486,266240712,38.71,21457286
2010,Santa Clara,2240286832,700189201,31.25,18342999
2010,Santa Cruz,370484098,110678462,29.87,10769422
2010,Shasta,251967238,73933812,29.34,5579635
2010,Sierra,19794133,4478120,22.62,414334
2010,Siskiyou,98456605,29149720,29.61,1783106
2010,Solano,596834305,182212260,30.53,20904872
2010,Sonoma,752601136,263785809,35.05,17247484
2010,Stanislaus,667880089,185148669,27.72,10755183
2010,Sutter,135228977,33297044,24.62,4349073
2010,Tehama,98281436,28449283,28.95,2318498
2010,Trinity,35257309,9439123,26.77,838242
2010,Tulare,630077310,182854482,29.02,13044486
2010,Tuolumne,94071213,31663739,33.66,2894349
2010,Ventura,907251083,404591602,44.6,11334085
2010,Yolo,252233289,74009696,29.34,6033263
2010,Yuba,124070063,43565082,35.11,4295832
2011,Alameda,2186575262,613605822,28.06,51583804
2011,Alpine,14985215,4327319,28.88,281307
2011,Amador,56480528,26135898,46.27,1920869
2011,Butte,339091982,88885361,26.21,8561778
2011,Calaveras,68757036,18148577,26.4,1654485
2011,Colusa,44835344,16618219,37.06,1719815
2011,Contra Costa,1264031617,360251070,28.5,29159148
2011,Del Norte,53383843,17266627,32.34,1356032
2011,El Dorado,266344151,100771731,37.84,6526531
2011,Fresno,1210298088,333570967,27.56,24566596
2011,Glenn,63863241,18000519,28.19,1283464
2011,Humboldt,229031090,64483205,28.15,5329795
2011,Imperial,270821482,80614458,29.77,5325201
2011,Inyo,59990143,23328857,38.89,1223089
2011,Kern,1240231313,459888731,37.08,31356892
2011,Kings,186724804,60553527,32.43,8239607
2011,Lake,113050106,33225101,29.39,2182678
2011,Lassen,56248429,17708849,31.48,1417296
2011,Los Angeles,14228721923,4471023516,31.42,357731772
2011,Madera,175060128,51741589,29.56,3316949
2011,Marin,425584214,130957087,30.77,11372955
2011,Mariposa,53475231,17852114,33.38,1486007
2011,Mendocino,177775338,44187121,24.86,3437327
2011,Merced,381982988,116878153,30.6,10030652
2011,Modoc,24497124,5664775,23.12,396271
2011,Mono,55440247,22873041,41.26,1598427
2011,Monterey,584675351,185904570,31.8,18781024
2011,Napa,238909714,95922531,40.15,8696836
2011,Nevada,136646318,53745272,39.33,3893930
2011,Orange,2900844609,1070613704,36.91,85467957
2011,Placer,532110617,167998511,31.57,3826258
2011,Plumas,49988905,14491516,28.99,1371398
2011,Riverside,2657624984,1040282249,39.14,38011493
2011,Sacramento,2211419968,642143126,29.04,30032426
2011,San Benito,76736034,27953714,36.43,2240897
2011,San Bernardino,2431957626,731124640,30.06,63560977
2011,San Diego,3464980984,1037809620,29.95,95535020
2011,San Francisco,7215033725,1062055012,14.72,11870089
2011,San Joaquin,812097221,261179783,32.16,15634608
2011,San Luis Obispo,391370573,123535265,31.56,9780546
2011,San Mateo,978119250,332944146,34.04,729759
2011,Santa Barbara,711383031,273975260,38.51,25827146
2011,Santa Clara,2221952966,694564928,31.26,18227306
2011,Santa Cruz,411937327,109369419,26.55,10088857
2011,Shasta,242421003,69546535,28.69,5793404
2011,Sierra,18811394,4797984,25.51,424669
2011,Siskiyou,89789966,28602252,31.85,1877313
2011,Solano,545748892,171242135,31.38,19048121
2011,Sonoma,748837328,253628824,33.87,16159084
2011,Stanislaus,668608783,163271618,24.42,10729977
2011,Sutter,138228222,33854972,24.49,4415136
2011,Tehama,100352024,28301287,28.2,2482612
2011,Trinity,37586333,10079619,26.82,881836
2011,Tulare,640790457,177693721,27.73,12168883
2011,Tuolumne,88194807,30857396,34.99,2859445
2011,Ventura,922679557,414418060,44.91,14839932
2011,Yolo,235957939,73587079,31.19,6218197
2011,Yuba,128371392,42662383,33.23,5153816
2012,Alameda,2221267982,618674998,27.85,47725659
2012,Alpine,18554914,4868275,26.24,188831
2012,Amador,58278873,28339604,48.63,2213483
2012,Butte,346436651,93116908,26.88,8917425
2012,Calaveras,77410132,18082498,23.36,1818623
2012,Colusa,45274720,17272003,38.15,1877892
2012,Contra Costa,1227215707,361304270,29.44,29133328
2012,Del Norte,63415707,16103082,25.39,1239583
2012,El Dorado,259793628,95559741,36.78,6672670
2012,Fresno,1162917428,330159809,28.39,25588742
2012,Glenn,63500344,17618208,27.75,1300794
2012,Humboldt,236086950,68647869,29.08,5758313
2012,Imperial,276416983,85561235,30.95,5871455
2012,Inyo,57005250,23176030,40.66,1336808
2012,Kern,1222980013,468240544,38.29,32434924
2012,Kings,180967549,60435436,33.4,6336428
2012,Lake,111597871,32520493,29.14,2758987
2012,Lassen,59504707,17507849,29.42,1140065
2012,Los Angeles,14317792322,4587366613,32.04,370198722
2012,Madera,182832455,52127113,28.51,3742215
2012,Marin,428576121,132901354,31.01,11346817
2012,Mariposa,53204270,17905533,33.65,1592721
2012,Mendocino,168181021,42424318,25.23,3460696
2012,Merced,368867790,114947967,31.16,10648205
2012,Modoc,27183754,5426672,19.96,372687
2012,Mono,53222958,23512809,44.18,1531300
2012,Monterey,572297293,185865118,32.48,17909623
2012,Napa,243564559,99205124,40.73,9171021
2012,Nevada,132228940,52603686,39.78,3935031
2012,Orange,3016127086,1096349400,36.35,88096593
2012,Placer,490195023,164624738,33.58,15209564
2012,Plumas,49542389,15764270,31.82,1396754
2012,Riverside,2625669768,1025048627,39.04,44824353
2012,Sacramento,2133866898,649654876,30.44,37870268
2012,San Benito,71120382,24469637,34.41,2517991
2012,San Bernardino,2411016573,770965439,31.98,72238903
2012,San Diego,3583596425,1099748072,30.69,103513097
2012,San Francisco,7528148854,1115656578,14.82,15536757
2012,San Joaquin,799090397,259812543,32.51,15071979
2012,San Luis Obispo,391563019,125304958,32.0,9873964
2012,San Mateo,905698898,332207885,36.68,0
2012,Santa Barbara,709883960,280681812,39.54,25160462
2012,Santa Clara,2113032669,667153858,31.57,17332250
2012,Santa Cruz,391622021,109645814,28.0,10316406
2012,Shasta,246872196,70412836,28.52,6023491
2012,Sierra,17956062,5085345,28.32,464942
2012,Siskiyou,85304236,27923168,32.73,2013118
2012,Solano,540079500,169297219,31.35,17685166
2012,Sonoma,693962652,242980005,35.01,17285280
2012,Stanislaus,625602994,155849650,24.91,10049265
2012,Sutter,131105866,32723208,24.96,4568529
2012,Tehama,95159848,28733558,30.2,2695022
2012,Trinity,37749855,10296762,27.28,1041825
2012,Tulare,650746514,192397072,29.57,12079781
2012,Tuolumne,93148168,32687577,35.09,3465483
2012,Ventura,928689491,418937388,45.11,20774606
2012,Yolo,224807321,75974340,33.8,7884090
2012,Yuba,124800978,45818261,36.71,5617827
2013,Alameda,2295382137,642422591,27.99,48144484
2013,Alpine,15847036,4677475,29.52,211035
2013,Amador,59004964,27615256,46.8,2067879
2013,Butte,342071586,96429046,28.19,9282452
2013,Calaveras,92327721,19104683,20.69,2088444
2013,Colusa,52182623,18044980,34.58,1901528
2013,Contra Costa,1265584883,372290382,29.42,17798975
2013,Del Norte,66297090,16602221,25.04,1600363
2013,El Dorado,269540811,93001505,34.5,7030721
2013,Fresno,1212382229,332907320,27.46,28878450
2013,Glenn,62857893,18215421,28.98,1556032
2013,Humboldt,235479315,62672042,26.61,6475445
2013,Imperial,278185756,81973917,29.47,8307570
2013,Inyo,62795928,23431057,37.31,1428022
2013,Kern,1259358223,504681669,40.07,36373262
2013,Kings,189311156,64713571,34.18,7001971
2013,Lake,110052632,33539193,30.48,3139788
2013,Lassen,53708888,17066873,31.78,1032801
2013,Los Angeles,14865227666,4764599165,32.05,411619408
2013,Madera,187712008,55255946,29.44,3771485
2013,Marin,404714132,137373694,33.94,12539218
2013,Mariposa,53554518,18767600,35.04,1783529
2013,Mendocino,170543072,44560695,26.13,4420436
2013,Merced,371362070,108095603,29.11,11928866
2013,Modoc,26016897,5619539,21.6,376465
2013,Mono,49088270,21145576,43.08,1293202
2013,Monterey,579409746,184946576,31.92,22900959
2013,Napa,263633326,100120766,37.98,11275201
2013,Nevada,130087983,49079342,37.73,3332202
2013,Orange,3112438897,1139851254,36.62,93630450
2013,Placer,496659104,168595410,33.95,16299489
2013,Plumas,45180340,13977720,30.94,1225486
2013,Riverside,2686755755,1055126336,39.27,49558133
2013,Sacramento,2218914872,669181226,30.16,45219709
2013,San Benito,65423236,22113851,33.8,2198961
2013,San Bernardino,2533111219,785563045,31.01,86382885
2013,San Diego,3678598346,1130314701,30.73,120944457
2013,San Francisco,8796250917,1176321902,13.37,23205131
2013,San Joaquin,818915105,262245069,32.02,15216247
2013,San Luis Obispo,391448982,131286887,33.54,11167531
2013,San Mateo,941617364,330890236,35.14,2052254
2013,Santa Barbara,697162730,289546147,41.53,28373820
2013,Santa Clara,2183621613,691901055,31.69,19129402
2013,Santa Cruz,421055100,116197672,27.6,13003269
2013,Shasta,268975666,76536427,28.45,7536024
2013,Sierra,17123056,4301196,25.12,393504
2013,Siskiyou,81450721,26935297,33.07,2521817
2013,Solano,556713187,171765187,30.85,18160006
2013,Sonoma,719766335,254818057,35.4,22424726
2013,Stanislaus,688383695,168374410,24.46,12858010
2013,Sutter,140537958,38131876,27.13,5158836
2013,Tehama,106676554,30803542,28.88,3383675
2013,Trinity,39844947,11931294,29.94,1128500
2013,Tulare,653783441,184342745,28.2,12292360
2013,Tuolumne,94757726,33714042,35.58,3870703
2013,Ventura,933072143,426812164,45.74,23419111
2013,Yolo,255228998,77693996,30.44,8630115
2013,Yuba,120254197,42210155,35.1,5211889
2014,Alameda,2405508090,669127081,27.82,48460452
2014,Alpine,18591796,4677935,25.16,190967
2014,Amador,61442440,28576949,46.51,2080442
2014,Butte,323578477,86944080,26.87,9296142
2014,Calaveras,77286951,20013312,25.89,2359233
2014,Colusa,53993498,18588258,34.43,1821868
2014,Contra Costa,1326143887,389274242,29.35,17631839
2014,Del Norte,62880908,16694405,26.55,1535664
2014,El Dorado,275707199,99801953,36.2,7546056
2014,Fresno,1231471652,347221569,28.2,29397711
2014,Glenn,62453561,18186910,29.12,1813441
2014,Humboldt,253119098,68875041,27.21,7183893
2014,Imperial,282812685,85516962,30.24,8566723
2014,Inyo,62075868,24571857,39.58,1470815
2014,Kern,1373927307,543961543,39.59,38343501
2014,Kings,198913637,69458795,34.92,8031181
2014,Lake,120025015,36007279,30.0,3183253
2014,Lassen,55854931,18049300,32.31,906916
2014,Los Angeles,15338824039,4914176812,32.04,424613053
2014,Madera,186193727,56661263,30.43,4492282
2014,Marin,487500294,146554181,30.06,15041984
2014,Mariposa,51447811,18830596,36.6,1729227
2014,Mendocino,176585219,47044313,26.64,4628077
2014,Merced,391230296,113091339,28.91,13403819
2014,Modoc,23982051,5563189,23.2,272552
2014,Mono,48249659,17283495,35.82,1228676
2014,Monterey,601061302,200636217,33.38,23475093
2014,Napa,301618400,103976004,34.47,12098292
2014,Nevada,129782250,48928696,37.7,3507801
2014,Orange,3228619061,1163696671,36.04,97581812
2014,Placer,540723763,177439648,32.82,19519130
2014,Plumas,47018822,14282679,30.38,1091082
2014,Riverside,2883000542,1128894287,39.16,55952195
2014,Sacramento,2315224744,710180631,30.67,54402643
2014,San Benito,67284671,24037302,35.72,2182864
2014,San Bernardino,2736542872,836509398,30.57,90772627
2014,San Diego,3864895702,1218166636,31.52,135280829
2014,San Francisco,9186897131,1202775639,13.09,23489130
2014,San Joaquin,839808559,268833522,32.01,14580255
2014,San Luis Obispo,409541806,134394650,32.82,12116417
2014,San Mateo,1065515985,346368220,32.51,5521570
2014,Santa Barbara,676991126,250064553,36.94,30251031
2014,Santa Clara,2403720753,752968514,31.33,20034898
2014,Santa Cruz,422250736,120711784,28.59,13736944
2014,Shasta,264336720,76702204,29.02,8751564
2014,Sierra,16920417,4069733,24.05,407061
2014,Siskiyou,88843436,28199337,31.74,2836081
2014,Solano,589592674,184343164,31.27,20853069
2014,Sonoma,784898090,262306140,33.42,21911873
2014,Stanislaus,719879892,176653819,24.54,17295555
2014,Sutter,133713937,35774353,26.75,5514785
2014,Tehama,112031237,32109112,28.66,4246476
2014,Trinity,42866344,11258552,26.26,1162265
2014,Tulare,673561553,194994027,28.95,13841229
2014,Tuolumne,93883447,35266474,37.56,4257406
2014,Ventura,990482520,448394561,45.27,25481697
2014,Yolo,248934485,83471889,33.53,9717043
2014,Yuba,122510894,43644838,35.63,5316638
2015,Alameda,2462509900,717265867,29.13,60815340
2015,Alpine,14476217,4300016,29.7,188425
2015,Amador,64414003,30059964,46.67,2131982
2015,Butte,339807956,91136790,26.82,10322804
2015,Calaveras,69843783,20393969,29.2,2329008
2015,Colusa,49696248,18741106,37.71,1686348
2015,Contra Costa,1399746397,428359460,30.6,20221080
2015,Del Norte,69817195,16827985,24.1,1637008
2015,El Dorado,303869282,111091047,36.56,9025454
2015,Fresno,1291055446,361478271,28.0,32516031
2015,Glenn,57947877,18504049,31.93,1611042
2015,Humboldt,256363164,66237173,25.84,6937213
2015,Imperial,322610989,91700132,28.42,8053980
2015,Inyo,57785754,23219789,40.18,1339906
2015,Kern,1342545699,556615342,41.46,39140016
2015,Kings,224669014,72505622,32.27,8786907
2015,Lake,114762883,35871480,31.26,2744103
2015,Lassen,54970114,18320439,33.33,1273996
2015,Los Angeles,16078653010,5218397698,32.46,453955558
2015,Madera,196512424,62327415,31.72,7752791
2015,Marin,474553524,141062929,29.73,14907343
2015,Mariposa,55638396,20162975,36.24,1904668
2015,Mendocino,191113676,50511798,26.43,4917649
2015,Merced,409767732,114844072,28.03,14551515
2015,Modoc,26594383,6667410,25.07,287320
2015,Mono,47621351,15311364,32.15,1308993
2015,Monterey,645193867,210240725,32.59,18747707
2015,Napa,289080899,119802679,41.44,11847069
2015,Nevada,132730865,52162704,39.3,3917143
2015,Orange,3243353396,1209059471,37.28,104046447
2015,Placer,567993038,188677949,33.22,17361250
2015,Plumas,50800749,14851658,29.24,1372868
2015,Riverside,3077616212,1179328962,38.32,62245885
2015,Sacramento,2419603554,756726199,31.27,63308863
2015,San Benito,72747211,26835432,36.89,2282359
2015,San Bernardino,2708672864,857324663,31.65,98153506
2015,San Diego,3819505176,1296165711,33.94,137829011
2015,San Francisco,8714725645,1284590451,14.74,25928426
2015,San Joaquin,881804722,283340703,32.13,14059737
2015,San Luis Obispo,441832897,139918295,31.67,12896658
2015,San Mateo,1097632379,357428722,32.56,9643734
2015,Santa Barbara,736802016,260365550,35.34,32245088
2015,Santa Clara,2565835468,796115170,31.03,19726843
2015,Santa Cruz,438246671,126886716,28.95,14564269
2015,Shasta,269351723,80450103,29.87,9468881
2015,Sierra,14864752,4532386,30.49,442047
2015,Siskiyou,82110373,28597900,34.83,3274326
2015,Solano,579084411,193488570,33.41,23797006
2015,Sonoma,776240341,274186832,35.32,27522803
2015,Stanislaus,749895852,188336881,25.12,18769416
2015,Sutter,143393702,36411209,25.39,5474168
2015,Tehama,114813410,34572221,30.11,4903710
2015,Trinity,46230117,11529844,24.94,1203704
2015,Tulare,665138187,195940821,29.46,15689625
2015,Tuolumne,110575455,43889161,39.69,4479396
2015,Ventura,1020752347,464890022,45.54,20311956
2015,Yolo,260494947,87692775,33.66,9909553
2015,Yuba,151271338,47176357,31.19,5673289
2016,Alameda,2466628582,737314237,29.89,77745900
2016,Alpine,14796384,4606291,31.13,270270
2016,Amador,66607455,31189523,46.83,2052277
2016,Butte,351816631,105322709,29.94,11501942
2016,Calaveras,73920622,23445019,31.72,2363278
2016,Colusa,53930169,18797037,34.85,1390113
2016,Contra Costa,1420345998,428714988,30.18,21126667
2016,Del Norte,70434915,18204650,25.85,1804196
2016,El Dorado,311702972,116488638,37.37,9820922
2016,Fresno,1361178576,342975000,25.2,31562697
2016,Glenn,60102486,19100962,31.78,1758996
2016,Humboldt,275867186,71949744,26.08,7928245
2016,Imperial,307045043,96545966,31.44,9334449
2016,Inyo,62090292,24102781,38.82,1468201
2016,Kern,1406437064,587789657,41.79,42650754
2016,Kings,243599118,75541419,31.01,8952003
2016,Lake,134980355,38668159,28.65,3447119
2016,Lassen,64714622,19500889,30.13,1308420
2016,Los Angeles,16643549417,5473086494,32.88,473330733
2016,Madera,207567254,74607860,35.94,13340599
2016,Marin,555569944,146945998,26.45,16049238
2016,Mariposa,58004287,20633830,35.57,2036165
2016,Mendocino,200619241,54680358,27.26,5116419
2016,Merced,423086966,124912446,29.52,15668441
2016,Modoc,27125884,6145526,22.66,282349
2016,Mono,48937241,16869113,34.47,1466394
2016,Monterey,691614828,217677298,31.47,18815506
2016,Napa,319925036,122913132,38.42,12565994
2016,Nevada,144326046,55704289,38.6,4605058
2016,Orange,3396602407,1266746269,37.29,110026529
2016,Placer,567780132,206911626,36.44,17523817
2016,Plumas,56994974,15646588,27.45,1408630
2016,Riverside,3246431847,1272423374,39.19,72589567
2016,Sacramento,2560203617,839662109,32.8,70451888
2016,San Benito,72090672,28114374,39.0,2882830
2016,San Bernardino,2715197008,901099370,33.19,103248578
2016,San Diego,3920874685,1300204278,33.16,134571821
2016,San Francisco,9660346514,1372809537,14.21,29283059
2016,San Joaquin,880755900,292319913,33.19,16682844
2016,San Luis Obispo,499416757,148546458,29.74,14559475
2016,San Mateo,1167263448,383316165,32.84,13041621
2016,Santa Barbara,743216172,262634387,35.34,33457246
2016,Santa Clara,2788496855,859987088,30.84,20417511
2016,Santa Cruz,459520668,137264772,29.87,15534295
2016,Shasta,273711555,84141853,30.74,9403228
2016,Sierra,16274942,4920130,30.23,480771
2016,Siskiyou,84005125,29616802,35.26,3560671
2016,Solano,614120726,209485861,34.11,25842657
2016,Sonoma,855561216,284550224,33.26,29910903
2016,Stanislaus,814692121,201285784,24.71,20761800
2016,Sutter,142047492,37494147,26.4,5462854
2016,Tehama,114640010,37147082,32.4,5389438
2016,Trinity,51195146,12389553,24.2,1435782
2016,Tulare,708949390,204955405,28.91,14218028
2016,Tuolumne,119999912,38804285,32.34,4527893
2016,Ventura,1091204691,481834146,44.16,30147936
2016,Yolo,293361965,95723526,32.63,10268117
2016,Yuba,148555164,48672085,32.76,5858055
2017,Alameda,2588588500,697431480,26.94,77667809
2017,Alpine,16806357,4837872,28.79,273270
2017,Amador,72117668,32626947,45.24,2213953
2017,Butte,384339119,116254752,30.25,14077909
2017,Calaveras,100259592,22900254,22.84,1442794
2017,Colusa,53460692,19020245,35.58,1592376
2017,Contra Costa,1475103173,450797330,30.56,19685546
2017,Del Norte,63647543,17677451,27.77,1775834
2017,El Dorado,310074517,117996123,38.05,10238082
2017,Fresno,1423386000,359422000,25.25,36977000
2017,Glenn,67758339,19998514,29.51,1920321
2017,Humboldt,283952851,73579463,25.91,7747730
2017,Imperial,385857615,103278957,26.77,10834635
2017,Inyo,65007601,24470833,37.64,1432187
2017,Kern,1517953282,550686638,36.28,43449500
2017,Kings,246748316,80964068,32.81,9212417
2017,Lake,126088302,38060607,30.19,4377129
2017,Lassen,63161097,20666001,32.72,1330332
2017,Los Angeles,17460276600,5684355050,32.56,499174576
2017,Madera,228616422,72660677,31.78,5154077
2017,Marin,482432627,167641673,34.75,16538554
2017,Mariposa,61849167,21725469,35.13,2232321
2017,Mendocino,206413217,56246148,27.25,4839508
2017,Merced,440014774,131953853,29.99,16842575
2017,Modoc,30446112,6557945,21.54,361386
2017,Mono,46866507,17473534,37.28,1222872
2017,Monterey,744393302,234872664,31.55,20020726
2017,Napa,315045170,124951108,39.66,13818076
2017,Nevada,160631040,58821593,36.62,5488520
2017,Orange,3605697313,1338652066,37.13,116959644
2017,Placer,581789627,219327408,37.7,19491239
2017,Plumas,56483833,16002479,28.33,1582907
2017,Riverside,3360237509,1320584946,39.3,76112762
2017,Sacramento,2657611000,817939000,30.78,79873000
2017,San Benito,72638931,29181581,40.17,3238022
2017,San Bernardino,2943422540,937764512,31.86,102928293
2017,San Diego,3820710613,1366725049,35.77,138930712
2017,San Francisco,5245458877,1350023020,25.74,31507720
2017,San Joaquin,939688058,309093695,32.89,30962948
2017,San Luis Obispo,492394288,155563727,31.59,15090637
2017,San Mateo,1188676610,395544628,33.28,10765118
2017,Santa Barbara,782848707,273640731,34.95,34924832
2017,Santa Clara,2908613963,897149245,30.84,0
2017,Santa Cruz,496696991,145113871,29.22,16963284
2017,Shasta,288555952,87415365,30.29,10359528
2017,Sierra,17992798,4978624,27.67,532958
2017,Siskiyou,89425312,30612938,34.23,2058129
2017,Solano,657302890,223852814,34.06,26456815
2017,Sonoma,878644360,301704156,34.34,34413189
2017,Stanislaus,873024465,225305249,25.81,37245416
2017,Sutter,192468237,62600674,32.53,5712096
2017,Tehama,126099895,37378482,29.64,5507144
2017,Trinity,45492586,12104590,26.61,1406813
2017,Tulare,729155977,212837679,29.19,15613478
2017,Tuolumne,121561096,40959630,33.69,4261431
2017,Ventura,1117505690,493779315,44.19,30787562
2017,Yolo,300377921,98779540,32.89,10158031
2017,Yuba,171577139,63978584,37.29,6495254
2018,Alameda,2684465939,734875595,27.38,93205440
2018,Alpine,18038469,5074405,28.13,367556
2018,Amador,71910817,31270379,43.48,2673935
2018,Butte,403597606,124608779,30.87,14824386
2018,Calaveras,97622364,25329062,25.95,1536627
2018,Colusa,56889278,20292266,35.67,1839338
2018,Contra Costa,1540040402,474808886,30.83,21419824
2018,Del Norte,66074031,17938450,27.15,1890320
2018,El Dorado,334578016,122925779,36.74,10708626
2018,Fresno,1531376000,383305000,25.03,42204000
2018,Glenn,73698470,21891712,29.7,2423216
2018,Humboldt,322663482,85539372,26.51,8406746
2018,Imperial,386952686,103957630,26.87,11423326
2018,Inyo,65208365,24523008,37.61,1474505
2018,Kern,1540151448,560210753,36.37,43954961
2018,Kings,256431501,82401250,32.13,9168332
2018,Lake,125653098,37558632,29.89,4065955
2018,Lassen,63786933,21988416,34.47,1637122
2018,Los Angeles,18540254521,5733805818,30.93,526660553
2018,Madera,242911881,77995180,32.11,5044315
2018,Marin,547777788,177219217,32.35,16311605
2018,Mariposa,69223535,23483569,33.92,2122439
2018,Mendocino,230097635,62676206,27.24,5089022
2018,Merced,481746083,142792497,29.64,18055248
2018,Modoc,28605063,6611966,23.11,403819
2018,Mono,53568979,19508431,36.42,1433239
2018,Monterey,815003771,246791105,30.28,21824331
2018,Napa,352432118,134346542,38.12,14170306
2018,Nevada,158151466,62061980,39.24,5374026
2018,Orange,3885056491,1398664460,36.0,96053435
2018,Placer,606924787,238319179,39.27,26898109
2018,Plumas,58298516,16003649,27.45,1577115
2018,Riverside,3324343310,1327057577,39.92,78250528
2018,Sacramento,2783826000,860247000,30.9,86125000
2018,San Benito,87357259,30974903,35.46,3088099
2018,San Bernardino,3043189658,970589353,31.89,118401735
2018,San Diego,4308081088,1476687958,34.28,138085155
2018,San Francisco,5840320731,,,33112507
2018,San Joaquin,1088651472,336440782,30.9,34278508
2018,San Luis Obispo,587856658,165004769,28.07,15105497
2018,San Mateo,1284950589,404437042,31.47,16484581
2018,Santa Barbara,807069078,288360721,35.73,36009401
2018,Santa Clara,3082172023,935130646,30.34,26745819
2018,Santa Cruz,533816871,151294154,28.34,17022280
2018,Shasta,312399222,95453270,30.55,11197728
2018,Sierra,20032504,5017420,25.05,627673
2018,Siskiyou,96598893,33660479,34.85,2069499
2018,Solano,772854431,230688921,29.85,27028061
2018,Sonoma,932013112,316573895,33.97,38828518
2018,Stanislaus,918545022,246183737,26.8,42591867
2018,Sutter,222329739,74498883,33.51,6310967
2018,Tehama,118626148,39154070,33.01,5897718
2018,Trinity,48201871,12572139,26.08,1405956
2018,Tulare,790609074,228735525,28.93,15541945
2018,Tuolumne,128584001,42975034,33.42,4151911
2018,Ventura,1130987710,510618398,45.15,32531342
2018,Yolo,313777430,103555772,33.0,10368839
2018,Yuba,161765667,55482855,34.3,6508967
2019,Alameda,3052461654,992770431,32.52,95174122
2019,Alpine,21808843,5293040,24.27,410938
2019,Amador,78443351,39213479,49.99,2410579
2019,Butte,428672139,131211216,30.61,16186105
2019,Calaveras,135314405,27478371,20.31,1631417
2019,Colusa,57096132,22490290,39.39,1591569
2019,Contra Costa,1919318138,731106594,38.09,22669976
2019,Del Norte,69277367,19164296,27.66,2198072
2019,El Dorado,408498682,128847119,31.54,11735566
2019,Fresno,1617026000,431489000,26.68,47475000
2019,Glenn,87069890,24786619,28.47,2726649
2019,Humboldt,351870843,89661496,25.48,8570852
2019,Imperial,385819280,98307840,25.48,10787384
2019,Inyo,66096315,25109687,37.99,1481303
2019,Kern,1548329505,575257922,37.15,42276528
2019,Kings,257907698,89378209,34.66,9018321
2019,Lake,159965743,41932963,26.21,3839333
2019,Lassen,64836759,22805479,35.17,1586315
2019,Los Angeles,22325656913,7519515710,33.68,537405953
2019,Madera,269572469,89159118,33.07,5962538
2019,Marin,581492046,191266550,32.89,16735493
2019,Mariposa,77508745,26288744,33.92,2359267
2019,Mendocino,239091552,64480933,26.97,4725067
2019,Merced,503112784,145012018,28.82,19153535
2019,Modoc,32441308,7062823,21.77,439507
2019,Mono,59771893,20002574,33.46,1903853
2019,Monterey,870948760,261943247,30.08,21212855
2019,Napa,337306163,137917949,40.89,15633076
2019,Nevada,166818175,65084382,39.02,5445654
2019,Orange,4229751568,1540859035,36.43,99944761
2019,Placer,604106909,248635866,41.16,23179235
2019,Plumas,60762691,17940372,29.53,1596008
2019,Riverside,3468275806,1373102756,39.59,77516183
2019,Sacramento,2899535000,918419000,31.67,78640000
2019,San Benito,104999446,32102869,30.57,3270060
2019,San Bernardino,3567116338,1265126690,35.47,115734360
2019,San Diego,4503597579,1569504807,34.85,149351789
2019,San Francisco,6260101702,,,39420046
2019,San Joaquin,1087421613,353363860,32.5,45095096
2019,San Luis Obispo,535979423,179638476,33.52,15340785
2019,San Mateo,1386924871,435216627,31.38,16792840
2019,Santa Barbara,931643862,384397325,41.26,36357816
2019,Santa Clara,3725620176,1155693275,31.02,25601457
2019,Santa Cruz,564192631,170758784,30.27,18080436
2019,Shasta,330442381,94790858,28.69,10765070
2019,Sierra,20620277,5050628,24.49,730081
2019,Siskiyou,101607289,34060167,33.52,2003144
2019,Solano,704990356,246023144,34.9,27304672
2019,Sonoma,939071790,340814215,36.29,39887089
2019,Stanislaus,978457304,285138425,29.14,46792492
2019,Sutter,224934459,75250621,33.45,6684462
2019,Tehama,124405214,40063787,32.2,5989974
2019,Trinity,50792338,13340518,26.26,1613484
2019,Tulare,818828402,244410977,29.85,16192338
2019,Tuolumne,155223299,47444081,30.57,4367844
2019,Ventura,1377361165,724822728,52.62,35182366
2019,Yolo,380144063,108589154,28.57,9309256
2019,Yuba,174803270,59364806,33.96,6760132
2020,Alameda,3283119418,1039712538,31.67,108307188
2020,Alpine,24932121,5827302,23.37,398824
2020,Amador,89539439,44799416,50.03,2415352
2020,Butte,433901019,133683336,30.81,15877551
2020,Calaveras,119006411,29409120,24.71,1806091
2020,Colusa,57686782,22394548,38.82,1891190
2020,Contra Costa,2024404673,736755069,36.39,24126388
2020,Del Norte,71655572,18847688,26.3,2299357
2020,El Dorado,412083595,135953790,32.99,12912605
2020,Fresno,1754319000,467157000,26.63,49293000
2020,Glenn,94042837,26397996,28.07,2466279
2020,Humboldt,0,0,,0
2020,Imperial,400455124,106441738,26.58,8480312
2020,Inyo,74021747,26548119,35.87,1387934
2020,Kern,1713001145,574650913,33.55,49902176
2020,Kings,278251158,92465368,33.23,9198232
2020,Lake,154806484,41987035,27.12,4557966
2020,Lassen,74114079,22867713,30.85,2131107
2020,Los Angeles,24066786922,7752608447,32.21,550239544
2020,Madera,365864222,97652491,26.69,6377922
2020,Marin,615726831,202881956,32.95,16577421
2020,Mariposa,80829068,25678214,31.77,2136558
2020,Mendocino,252062013,68540268,27.19,5159060
2020,Merced,539413282,150013937,27.81,19291199
2020,Modoc,34941750,6833410,19.56,468697
2020,Mono,74934796,20922079,27.92,2089244
2020,Monterey,881543171,286077623,32.45,25431383
2020,Napa,367288861,145082437,39.5,15924767
2020,Nevada,195034659,68950178,35.35,5510720
2020,Orange,4431682737,1547840833,34.93,105464293
2020,Placer,714761404,269475014,37.7,22034099
2020,Plumas,62930721,18348364,29.16,1637042
2020,Riverside,4654447757,1995530456,42.87,114415258
2020,Sacramento,3054391211,971534651,31.81,82928256
2020,San Benito,110578496,35391884,32.01,3266041
2020,San Bernardino,3868943880,1319331328,34.1,150390789
2020,San Diego,5083693218,1652852506,32.51,151247528
2020,San Francisco,7030538009,,,44088481
2020,San Joaquin,1178438161,374661973,31.79,48022549
2020,San Luis Obispo,591728983,198905795,33.61,16713996
2020,San Mateo,1463722273,443104876,30.27,15402114
2020,Santa Barbara,959359640,406102085,42.33,36818535
2020,Santa Clara,3787152318,1094273884,28.89,23026378
2020,Santa Cruz,620300033,178608806,28.79,19196172
2020,Shasta,348640950,96075231,27.56,11551540
2020,Sierra,23204458,4866308,20.97,613685
2020,Siskiyou,103511842,33533534,32.4,1902812
2020,Solano,728852681,251349438,34.49,29130828
2020,Sonoma,990947673,350655144,35.39,45297617
2020,Stanislaus,1208434081,300712903,24.88,47196575
2020,Sutter,206079602,52718793,25.58,6860691
2020,Tehama,135026282,39764058,29.45,5977846
2020,Trinity,62174682,14156296,22.77,1748997
2020,Tulare,853476620,252651642,29.6,16344000
2020,Tuolumne,146002573,45698472,31.3,4505337
2020,Ventura,1485906231,755771636,50.86,34553756
2020,Yolo,404811345,116638091,28.81,10493855
2020,Yuba,192615190,64886850,33.69,7458474
2021,Alameda,4493129705,1876424349,41.76,114433601
2021,Alpine,20221856,6101417,30.17,386948
2021,Amador,94964293,51686458,54.43,2590578
2021,Butte,492235398,134151385,27.25,15772012
2021,Calaveras,124551175,33245451,26.69,1964412
2021,Colusa,66185664,24861494,37.56,2028843
2021,Contra Costa,2157917292,738025544,34.2,25556283
2021,Del Norte,74838477,19390914,25.91,2136800
2021,El Dorado,404711369,130348438,32.21,12729722
2021,Fresno,1935173164,502162588,25.95,52142085
2021,Glenn,94429127,26777201,28.36,2624971
2021,Humboldt,0,0,,0
2021,Imperial,419378280,105126179,25.07,8616263
2021,Inyo,79308603,28199679,35.56,1338052
2021,Kern,1747002756,552337385,31.62,44648016
2021,Kings,301910520,96343594,31.91,9346336
2021,Lake,170563450,46445151,27.23,4364075
2021,Lassen,72872635,22970684,31.52,2059745
2021,Los Angeles,26019219296,7959753076,30.59,566730255
2021,Madera,317771980,95126912,29.94,6146760
2021,Marin,688842956,231806418,33.65,17163922
2021,Mariposa,80078148,24462901,30.55,2198427
2021,Mendocino,293209684,75708391,25.82,5605500
2021,Merced,580012390,150950072,26.03,19505265
2021,Modoc,32904251,7093573,21.56,524613
2021,Mono,59387152,21415807,36.06,2208055
2021,Monterey,931002983,327136459,35.14,26122155
2021,Napa,362819339,155666141,42.9,15294789
2021,Nevada,195738245,66664074,34.06,5749875
2021,Orange,5053644247,1600139957,31.66,99943828
2021,Placer,703614430,279938883,39.79,22925370
2021,Plumas,64559706,17885970,27.7,1491126
2021,Riverside,4307965818,1614101885,37.47,79171394
2021,Sacramento,3205418543,1007917922,31.44,93528781
2021,San Benito,131367084,42188552,32.12,3182732
2021,San Bernardino,4079272861,1474824799,36.15,144697632
2021,San Diego,5829821846,1633730903,28.02,147655641
2021,San Francisco,7263536774,,,47241709
2021,San Joaquin,1279245641,394130570,30.81,48852853
2021,San Luis Obispo,598039291,192871006,32.25,16195685
2021,San Mateo,1741538921,450171999,25.85,16382665
2021,Santa Barbara,1041684418,420123417,40.33,40094528
2021,Santa Clara,4276303037,1116463585,26.11,23403849
2021,Santa Cruz,715995713,191796496,26.79,20639115
2021,Shasta,388893964,105293270,27.08,11752331
2021,Sierra,23618898,5276695,22.34,524148
2021,Siskiyou,107945130,35425359,32.82,2573516
2021,Solano,777584616,261140769,33.58,30236649
2021,Sonoma,1133198952,360633172,31.82,48009248
2021,Stanislaus,1157903216,311245507,26.88,46200393
2021,Sutter,224023783,54936252,24.52,6334067
2021,Tehama,142808980,40254558,28.19,5660946
2021,Trinity,65816149,15273470,23.21,2021746
2021,Tulare,922089272,262077347,28.42,15641886
2021,Tuolumne,140807776,48488473,34.44,4581398
2021,Ventura,1672058310,810652115,48.48,32817225
2021,Yolo,408160245,115339707,28.26,10085675
2021,Yuba,202187352,73448802,36.33,7671354
2022,Alameda,3698514667,1075690424,29.08,119438880
2022,Alpine,21629138,6556703,30.31,502826
2022,Amador,109733159,53707276,48.94,2832335
2022,Butte,495558617,148608353,29.99,16716430
2022,Calaveras,139491369,33251810,23.84,2155665
2022,Colusa,66565389,25046140,37.63,2052699
2022,Contra Costa,2247008562,831565155,37.01,26734928
2022,Del Norte,74476209,19281415,25.89,2150955
2022,El Dorado,408247308,142109917,34.81,13061156
2022,Fresno,2052655758,514366655,25.06,52786294
2022,Glenn,113031391,29107483,25.75,2819836
2022,Humboldt,398834057,103994198,26.07,8399405
2022,Imperial,436903294,112568599,25.77,9633371
2022,Inyo,90130163,28523503,31.65,1445027
2022,Kern,1843822093,626893548,34.0,90034220
2022,Kings,334668103,101730280,30.4,11936989
2022,Lake,178098924,50302224,28.24,4697602
2022,Lassen,81020809,24397572,30.11,2085329
2022,Los Angeles,26233684988,8500393674,32.4,593519665
2022,Madera,345339100,104810700,30.35,6413053
2022,Marin,666912364,217517717,32.62,17587965
2022,Mariposa,85400728,23913739,28.0,2486454
2022,Mendocino,0,0,,0
2022,Merced,559710342,157489775,28.14,20363561
2022,Modoc,34220283,7347646,21.47,598442
2022,Mono,63058585,21027310,33.35,2743558
2022,Monterey,978715179,323789727,33.08,26917633
2022,Napa,407835319,161502771,39.6,16309583
2022,Nevada,213720447,74428925,34.83,6461916
2022,Orange,4868939838,1646803995,33.82,96582632
2022,Placer,720932775,292927739,40.63,23297610
2022,Plumas,67713344,21787871,32.18,1526952
2022,Riverside,4558024308,1581875493,34.71,81776123
2022,Sacramento,3351062498,1050490392,31.35,97344975
2022,San Benito,123090269,39922790,32.43,3580962
2022,San Bernardino,4162251211,1456111153,34.98,149470302
2022,San Diego,5764824643,1730018681,30.01,145002005
2022,San Francisco,7631440718,,,46862288
2022,San Joaquin,1410145087,422544908,29.96,53244758
2022,San Luis Obispo,668380334,203020064,30.37,17793003
2022,San Mateo,1789365753,455730095,25.47,14459008
2022,Santa Barbara,1115738042,452528058,40.56,42510376
2022,Santa Clara,4494896390,1158154536,25.77,20583236
2022,Santa Cruz,836669794,312701157,37.37,43732733
2022,Shasta,407697079,109768118,26.92,12897538
2022,Sierra,44656122,11842832,26.52,1481064
2022,Siskiyou,107916948,36390315,33.72,2625902
2022,Solano,834447898,281851242,33.78,32211606
2022,Sonoma,1167410088,366833327,31.42,47069905
2022,Stanislaus,999603301,340505739,34.06,48096642
2022,Sutter,207964959,54869951,26.38,7135634
2022,Tehama,155292045,42061921,27.09,6191758
2022,Trinity,63526119,16711678,26.31,1962233
2022,Tulare,1046664084,280718432,26.82,17931254
2022,Tuolumne,166421809,57547263,34.58,4714376
2022,Ventura,1656891159,769722024,46.46,35339176
2022,Yolo,439535786,113466358,25.82,6622164
2022,Yuba,223647507,73906050,33.05,8031004
2023,Alameda,3701213365,1088345756,29.41,124864725
2023,Alpine,27344319,6393916,23.38,663714
2023,Amador,106793551,52695781,49.34,2949977
2023,Butte,507518793,152805334,30.11,19139077
2023,Calaveras,150825870,35279012,23.39,2019283
2023,Colusa,78786026,26538423,33.68,2024734
2023,Contra Costa,2301641450,894385409,38.86,27842124
2023,Del Norte,82729490,21032110,25.42,2024003
2023,El Dorado,508751796,164737278,32.38,14804364
2023,Fresno,2117785762,565989582,26.73,56168392
2023,Glenn,125533038,30159020,24.02,2737032
2023,Humboldt,431508400,119346273,27.66,8648561
2023,Imperial,493943271,120250787,24.35,10840126
2023,Inyo,91632406,30667015,33.47,1642729
2023,Kern,2103939683,690284527,32.81,56362428
2023,Kings,362651898,108894292,30.03,11242309
2023,Lake,207690332,52320504,25.19,5533376
2023,Lassen,78686446,26463952,33.63,2095556
2023,Los Angeles,28320858117,8912790832,31.47,591514458
2023,Madera,393404409,117780180,29.94,7407962
2023,Marin,700754279,219925526,31.38,18830048
2023,Mariposa,113587498,27449143,24.17,2884235
2023,Mendocino,304608744,87138098,28.61,6545361
2023,Merced,657862560,174786959,26.57,22970860
2023,Modoc,36539178,7827876,21.42,504140
2023,Mono,70678098,23270715,32.92,2695676
2023,Monterey,1117623495,338033778,30.25,27855951
2023,Napa,436989579,170209968,38.95,17178244
2023,Nevada,230495421,78103978,33.89,6742158
2023,Orange,5354355075,1728670273,32.29,97562114
2023,Placer,775681690,308811923,39.81,24724832
2023,Plumas,78351479,18917030,24.14,1408234
2023,Riverside,4861542670,1723456193,35.45,82820964
2023,Sacramento,3796113789,1166693660,30.73,110848028
2023,San Benito,144379807,41142427,28.5,4367318
2023,San Bernardino,4539942778,1591637750,35.06,171375097
2023,San Diego,6041894768,1885689374,31.21,153287699
2023,San Francisco,8267604609,,,47599779
2023,San Joaquin,1430800151,468421649,32.74,52378140
2023,San Luis Obispo,764771144,223837112,29.27,19261636
2023,San Mateo,1792316687,478888279,26.72,15655423
2023,Santa Barbara,1205393125,483660833,40.12,43895927
2023,Santa Clara,4742653341,1243813430,26.23,23602793
2023,Santa Cruz,829404435,200116711,24.13,21114007
2023,Shasta,439990648,122838046,27.92,13876973
2023,Sierra,26213242,5552307,21.18,744876
2023,Siskiyou,126487840,41217374,32.59,2901604
2023,Solano,911050320,301069422,33.05,34371037
2023,Sonoma,1166553991,376576368,32.28,48486248
2023,Stanislaus,1087002939,374511706,34.45,54196013
2023,Sutter,237921246,59025902,24.81,7127690
2023,Tehama,170575685,49381418,28.95,8007563
2023,Trinity,69179373,17795214,25.72,1898310
2023,Tulare,1111551303,295731815,26.61,21670723
2023,Tuolumne,183324355,69594100,37.96,5280484
2023,Ventura,1709122395,823709089,48.19,35103565
2023,Yolo,485040438,130861423,26.98,4165347
2023,Yuba,259454662,85678877,33.02,9581821
2024,Alameda,3842830939,1160444866,30.2,130623148
2024,Alpine,27235559,6879864,25.26,719091
2024,Amador,119304246,57950265,48.57,2885151
2024,Butte,574963729,167455300,29.12,21223361
2024,Calaveras,162792813,38618849,23.72,2035300
2024,Colusa,85319137,27082916,31.74,2013405
2024,Contra Costa,2612147169,1043025544,39.93,31786994
2024,Del Norte,89808790,21945028,24.44,2160389
2024,El Dorado,533977297,180636227,33.83,16376530
2024,Fresno,2281930720,593675231,26.02,59664682
2024,Glenn,133752975,32807833,24.53,3455476
2024,Humboldt,491778867,126411459,25.7,9126847
2024,Imperial,514756986,127123766,24.7,11511263
2024,Inyo,102441575,33673084,32.87,1918573
2024,Kern,2313233543,750217447,32.43,61564050
2024,Kings,373721187,112430247,30.08,11903570
2024,Lake,229843278,55786997,24.27,5529558
2024,Lassen,81977873,25087903,30.6,2135104
2024,Los Angeles,30360772036,9385721007,30.91,629009003
2024,Madera,397723418,131328664,33.02,7551845
2024,Marin,784999756,242160366,30.85,19050392
2024,Mariposa,105684196,28777385,27.23,3015943
2024,Mendocino,362282058,89247898,24.63,6303955
2024,Merced,731825486,189735750,25.93,27142328
2024,Modoc,41219667,8330266,20.21,549343
2024,Mono,78517840,24583943,31.31,3341782
2024,Monterey,1156077170,349459258,30.23,29056010
2024,Napa,545783155,188685043,34.57,18913767
2024,Nevada,248212621,84910121,34.21,6882291
2024,Orange,5564326750,1854745736,33.33,105327612
2024,Placer,866545575,330383597,38.13,26938837
2024,Plumas,87812258,33805653,38.5,1424369
2024,Riverside,5458479024,1884913081,34.53,92379841
2024,Sacramento,3954337643,1261983348,31.91,107312973
2024,San Benito,179908110,44515060,24.74,4166611
2024,San Bernardino,5068608255,1744386516,34.42,187853022
2024,San Diego,6826445618,2160691237,31.65,167117119
2024,San Francisco,8834408865,,,47056820
2024,San Joaquin,1640846639,485099355,29.56,61190398
2024,San Luis Obispo,783088238,234345374,29.93,19674007
2024,San Mateo,1944189592,491462304,25.28,14240377
2024,Santa Barbara,1313189292,519448972,39.56,46503076
2024,Santa Clara,5303358335,1334839812,25.17,26113265
2024,Santa Cruz,892548302,216103980,24.21,22044679
2024,Shasta,466770557,134579661,28.83,14292513
2024,Sierra,38439526,7522796,19.57,869157
2024,Siskiyou,145526154,46464907,31.93,2979998
2024,Solano,1006370921,329323394,32.72,38255057
2024,Sonoma,1363654692,417422774,30.61,52811042
2024,Stanislaus,1194047365,405920694,34.0,61238553
2024,Sutter,267895816,63868003,23.84,7574121
2024,Tehama,205377339,52126589,25.38,7445482
2024,Trinity,70963138,19005114,26.78,1982074
2024,Tulare,1180118422,318197828,26.96,25232821
2024,Tuolumne,191903729,76084054,39.65,5822446
2024,Ventura,1860673676,869475211,46.73,36964436
2024,Yolo,529105351,143183637,27.06,4779744
2024,Yuba,280092771,93180420,33.27,10048559
